{
    "mean": [
        156.84400483039812,
        143.692335225768,
        102.9061124122749,
        142.81522679733018,
        437.1537841861531,
        197339.62994350283
    ],
    "scale": [
        53.92487007817596,
        51.239635552697706,
        55.34686189834424,
        7.937435521122863,
        564.077610676506,
        431703.7667193143
    ]
}